Symbol,Price,Avg_Volume_10D,Sector,Industry,Market_Cap_Cr,200_DMA,50_DMA,RSI,Sales_Growth_TTM%,Sales_Growth_5Y%,ROE%,Avg_ROE_5Y%,Profit_Margin%,Debt_Equity,PEG_Ratio,PE_Ratio,Down_From_52W_High%,Smart_Money%,Free_Cashflow,CFO_PAT_Ratio,EPS_Growth%,F_Score,RS_Rating,Earnings_Accel,Graham_Number,Value_Gap%,Technical_Signal,MACD_Bullish,Analyst_Rating,Target_Mean_Price,Analyst_Upside%,Analyst_Count,Promoter_Holding%,Inst_Holding%,ATR,Stop_Loss_ATR,Max_Qty_1L,score,Rating,updated_at,As_Of_Date
ACE.NS,903.9000244140625,237622,Industrials,Farm & Heavy Construction Machinery,10758.47,1065.5369482421875,905.1150061035156,76.11,-2.3,26.83,0.0,21.16,13.16,8.01,100,25.44,34.92,75.69,0,0.0,0,1,-0.83,True,346.11,-61.71,Bullish,True,None,1359.0,50.35,1,66.83,8.86,28.92,846.07,34,51.1,Hold,2026-02-16 10:06:33.927980,2026-02-16
AHCL.NS,122.4800033569336,102933,Healthcare,Drug Manufacturers - Specialty & Generic,651.0,133.9157018159565,135.51659973144533,43.0,280.1,28.16,0.0,35.86,20.39,0.27,100,18.76,29.1,92.91,0,0.0,0,2,0.0,True,86.62,-29.28,Neutral,True,None,0.0,0.0,0,92.91,0.0,5.23,112.01,191,58.3,Hold,2026-02-16 10:06:33.927980,2026-02-16
ALPEXSOLAR.NS,876.5999755859375,0,Unknown,Unknown,2053.2,1052.361997680664,826.2199938964844,61.64,0.0,,0.0,17.49,0.0,0.0,100,13.38,39.53,0.0,0,0.0,0,1,-9.38,True,0.0,0.0,Bullish,True,None,0.0,0.0,0,0.0,0.0,55.03,766.53,18,,Avoid,2026-02-16 10:06:33.927980,2026-02-16
ANLON.NS,396.0,0,Unknown,Unknown,316.52,401.70099975585936,390.68399841308593,58.76,0.0,,0.0,21.92,0.0,0.0,100,34.07,20.32,0.0,0,0.0,0,1,-0.27,False,0.0,0.0,Bullish,True,None,0.0,0.0,0,0.0,0.0,13.08,369.83,76,,Avoid,2026-02-16 10:06:33.927980,2026-02-16
APARINDS.NS,9451.5,157894,Industrials,Electrical Equipment & Parts,37966.44,8372.30971435547,8449.83,83.4,16.2,,0.0,20.75,4.53,0.14,100,38.97,4.58,86.62,0,0.0,0,2,2.81,False,2567.5,-72.83,Bullish,True,Buy,10352.333,9.53,6,58.06,28.56,296.7,8858.11,3,,Avoid,2026-02-16 10:06:33.927980,2026-02-16
APOLLOTYRE.NS,484.1000061035156,1381679,Consumer Cyclical,Auto Parts,30659.11,480.9341323852539,503.43394165039064,39.98,11.8,7.8,0.0,8.43,3.36,0.29,100,33.18,10.43,83.8,0,0.0,0,2,3.47,False,283.59,-41.42,Bearish,False,Buy,562.7083,16.24,24,49.62,34.18,14.55,455.0,68,35.9,Avoid,2026-02-16 10:06:33.927980,2026-02-16
ARE&M.NS,837.2999877929688,431460,Industrials,Electrical Equipment & Parts,15326.4,960.155412902832,893.8960009765625,51.73,4.2,13.89,0.0,12.49,5.57,4.0,100,20.64,24.5,63.19,0,0.0,0,1,-3.29,False,621.19,-25.81,Bullish,True,Hold,1032.4615,23.31,13,33.3,29.9,26.88,783.55,37,36.0,Avoid,2026-02-16 10:06:33.927980,2026-02-16
ARKADE.NS,119.7699966430664,245530,Real Estate,Real Estate - Development,2223.69,167.03821968078614,130.19719970703125,61.36,-12.4,,0.0,28.72,19.72,0.18,100,15.12,43.95,82.33,0,0.0,0,2,-9.88,True,95.76,-20.05,Bullish,True,None,0.0,0.0,0,82.21,0.12,4.38,111.0,228,,Avoid,2026-02-16 10:06:33.927980,2026-02-16
ARROWGREEN.NS,423.6499938964844,19687,Consumer Cyclical,Packaging & Containers,639.2,575.1300241088867,480.9830004882813,52.73,-5.8,,26.82,14.2,23.69,1.22,100,12.55,48.21,69.2,586362496,1.35,0,4,-8.51,True,307.91,-27.32,Bullish,True,None,0.0,0.0,0,69.2,0.0,20.78,382.09,48,,Avoid,2026-02-16 10:06:33.927980,2026-02-16
ASHOKA.NS,146.72999572753906,817071,Industrials,Engineering & Construction,4121.25,186.50580001831054,159.63220001220702,53.34,-23.5,,0.0,34.94,34.37,0.44,100,1.45,36.43,73.59,0,0.0,0,1,-4.72,True,584.15,298.11,Bullish,True,Buy,191.85715,30.76,7,54.49,19.1,6.2,134.34,161,,Avoid,2026-02-16 10:06:33.927980,2026-02-16
AZAD.NS,1649.5,150217,Industrials,Specialty Industrial Machinery,10652.76,1620.2035034179687,1569.9440063476563,67.09,38.5,,0.0,11.01,20.7,0.21,100,86.32,13.14,79.52,0,0.0,0,2,1.73,True,304.62,-81.53,Bullish,True,None,1901.0,15.25,5,55.84,23.67,71.94,1505.61,13,,Avoid,2026-02-16 10:06:33.927980,2026-02-16
BANCOINDIA.NS,652.25,365404,Consumer Cyclical,Auto Parts,9329.61,644.9522129821777,660.0100012207031,71.41,16.0,,29.77,23.73,12.29,0.45,100,41.41,25.86,71.36,-2249300480,0.26,0,3,6.14,True,201.22,-69.15,Bullish,True,None,0.0,0.0,0,69.97,1.39,28.98,594.29,34,,Avoid,2026-02-16 10:06:33.927980,2026-02-16
BANDHANBNK.NS,165.8000030517578,11573200,Financial Services,Banks - Regional,26709.91,162.2070034790039,149.27180053710939,71.04,-12.8,7.81,0.0,8.35,12.81,0.0,100,26.53,13.86,76.97,0,0.0,0,1,0.4,False,146.87,-11.42,Bullish,True,Buy,166.25,0.27,24,44.71,32.25,4.67,156.45,214,37.6,Avoid,2026-02-16 10:06:33.927980,2026-02-16
BANKBARODA.NS,287.0,8721552,Financial Services,Banks - Regional,148418.09,261.8618465423584,294.8840020751953,36.21,4.3,12.92,12.81,13.14,29.96,0.0,100,7.63,8.41,85.28,0,0.0,0,2,4.96,True,518.64,80.71,Bearish,False,Buy,330.9412,15.31,34,65.82,19.46,6.87,273.25,145,63.4,Hold,2026-02-16 10:06:33.927980,2026-02-16
BANKINDIA.NS,161.58999633789062,11273068,Financial Services,Banks - Regional,73566.55,129.2812984085083,151.8718002319336,48.18,8.9,16.33,12.05,8.45,31.19,0.0,100,7.49,5.23,88.25,0,0.0,0,2,11.63,True,303.55,87.85,Bearish,False,None,165.5,2.42,6,73.38,14.86,5.02,151.54,199,60.2,Hold,2026-02-16 10:06:33.927980,2026-02-16
BBTC.NS,1803.300048828125,47106,Consumer Defensive,Packaged Foods,12581.97,1889.4355017089845,1822.182001953125,69.45,8.0,7.72,0.0,-1.68,5.68,0.3,100,11.36,16.32,82.19,0,0.0,0,2,-0.43,True,1698.02,-5.84,Bullish,True,None,0.0,0.0,0,75.33,6.86,47.14,1709.02,21,40.1,Avoid,2026-02-16 10:06:33.927980,2026-02-16
BLS.NS,271.04998779296875,7965080,Industrials,Specialty Business Services,11158.89,341.45874885559084,298.2841586303711,51.7,43.6,37.17,0.0,24.95,22.39,0.17,100,17.35,36.76,78.45,0,0.0,0,2,-7.24,False,134.9,-50.23,Bullish,True,Strong Buy,389.0,43.52,1,73.11,5.34,12.67,245.71,78,64.3,Hold,2026-02-16 10:06:33.927980,2026-02-16
BORANA.NS,378.0,45809,Consumer Cyclical,Textile Manufacturing,1007.19,255.93681343833168,319.34600158691404,64.6,41.7,41.7,0.0,72.17,15.9,0.18,100,42.76,6.64,79.47,0,0.0,0,2,19.88,False,136.12,-63.99,Neutral,False,None,0.0,0.0,0,79.47,0.0,19.09,339.81,52,60.1,Hold,2026-02-16 10:06:33.927980,2026-02-16
BPCL.NS,370.5,7151503,Energy,Oil & Gas Refining & Marketing,160741.64,326.51777709960936,359.2604602050781,67.2,5.2,8.28,0.0,19.6,5.5,0.56,100,6.44,5.4,80.16,0,0.0,0,1,6.06,False,533.63,44.03,Bullish,True,Buy,420.5,13.5,32,54.5,25.67,8.68,353.13,115,62.7,Hold,2026-02-16 10:06:33.927980,2026-02-16
CAPLIPOINT.NS,1738.5999755859375,95669,Healthcare,Drug Manufacturers - Specialty & Generic,13237.68,2006.0482434082032,1842.4439990234375,50.87,10.1,,0.0,19.69,29.34,0.17,100,21.6,27.41,79.05,0,0.0,0,2,-5.02,True,857.37,-50.69,Neutral,False,Strong Buy,2508.0,44.25,2,73.68,5.37,54.3,1630.0,18,,Avoid,2026-02-16 10:06:33.927980,2026-02-16
CENTRALBK.NS,36.79999923706055,5037335,Financial Services,Banks - Regional,33326.97,37.107350273132326,37.00661727905273,55.64,12.3,,13.23,7.12,28.49,0.0,100,6.76,23.65,93.22,0,0.0,0,2,0.81,False,73.17,98.83,Bullish,True,None,0.0,0.0,0,89.27,3.95,0.8,35.21,1257,,Avoid,2026-02-16 10:06:33.927980,2026-02-16
CESC.NS,153.6199951171875,1885418,Utilities,Utilities - Regulated Electric,20359.44,163.5342810821533,159.8408004760742,66.75,12.5,10.67,0.0,12.2,8.04,1.41,100,13.81,17.08,82.98,0,0.0,0,1,-0.69,False,154.99,0.89,Bullish,True,Strong Buy,206.23077,34.25,13,6.32,76.66,4.42,144.77,226,42.7,Avoid,2026-02-16 10:06:33.927980,2026-02-16
CHENNPETRO.NS,880.9000244140625,1053901,Energy,Oil & Gas Refining & Marketing,13130.16,776.8045458984375,865.9680004882813,59.94,21.3,11.03,0.0,33.38,3.36,0.22,100,6.1,20.14,72.86,0,0.0,0,2,10.63,True,1387.85,57.55,Bullish,True,None,0.0,0.0,0,67.79,5.07,31.67,817.57,31,85.3,Strong Buy (Elite),2026-02-16 10:06:33.927980,2026-02-16
CHOICEIN.NS,752.0,557304,Financial Services,Capital Markets,16769.82,763.8502481079101,787.757998046875,51.79,47.1,,0.0,15.55,22.27,0.36,100,69.76,12.61,77.06,0,0.0,0,2,-1.69,True,120.24,-84.01,Neutral,False,None,0.0,0.0,0,68.81,8.26,18.77,714.47,53,,Avoid,2026-02-16 10:06:33.927980,2026-02-16
EIDPARRY.NS,894.1500244140625,198023,Basic Materials,Agricultural Inputs,15915.25,1032.6850018310547,967.5440026855468,52.29,18.3,,0.0,14.1,3.17,0.18,100,13.39,28.28,69.77,0,0.0,0,2,-6.28,False,854.7,-4.41,Bullish,True,Strong Buy,1355.0,51.54,1,48.1,21.67,29.15,835.84,34,,Avoid,2026-02-16 10:06:33.927980,2026-02-16
EIEL.NS,163.27000427246094,928307,Industrials,Engineering & Construction,2865.88,227.19074989318847,189.385,46.96,1.0,,0.0,36.63,18.26,0.26,100,13.67,46.71,70.53,0,0.0,0,2,-9.51,True,132.11,-19.08,Bearish,False,Strong Buy,346.0,111.92,1,70.13,0.4,7.76,147.74,128,,Avoid,2026-02-16 10:06:33.927980,2026-02-16
EMSLIMITED.NS,303.54998779296875,178977,Industrials,Engineering & Construction,1687.0,520.6238020324707,390.60599914550784,40.86,-17.3,38.97,0.0,20.15,14.66,0.16,100,10.35,56.35,69.72,0,0.0,0,2,-12.18,False,340.46,12.16,Bearish,False,None,0.0,0.0,0,69.7,0.02,20.5,262.55,48,45.6,Avoid,2026-02-16 10:06:33.927980,2026-02-16
EPIGRAL.NS,982.2999877929688,90612,Basic Materials,Chemicals,4237.77,1613.0493298339843,1195.4080004882812,41.57,-7.5,17.51,0.0,25.57,13.97,0.26,100,12.55,53.53,75.38,0,0.0,0,2,-12.87,True,926.07,-5.72,Neutral,True,None,2000.0,103.6,1,68.86,6.53,42.79,896.72,23,53.1,Hold,2026-02-16 10:06:33.927980,2026-02-16
EXHICON.BO,520.0499877929688,12650,Communication Services,Advertising Agencies,725.96,476.1398072052002,534.0739978027344,55.72,63.8,,31.93,57.11,20.17,5.18,100,27.09,12.6,67.54,-138952752,1.06,0,4,1.71,False,227.5,-56.25,Bullish,True,None,0.0,0.0,0,67.54,0.0,21.67,476.72,46,,Avoid,2026-02-16 10:06:33.927980,2026-02-16
EXIDEIND.NS,337.6000061035156,2296371,Consumer Cyclical,Auto Parts,28703.92,378.5728861999512,350.2019995117187,64.48,4.6,,0.0,15.29,4.69,0.11,100,34.7,21.67,74.3,0,0.0,0,2,-2.68,True,194.61,-42.35,Bullish,True,Hold,390.9375,15.8,16,50.32,23.98,8.22,321.17,121,,Avoid,2026-02-16 10:06:33.927980,2026-02-16
EXPLEOSOL.NS,856.0,20581,Technology,Information Technology Services,1328.49,1045.5982498168946,953.6739990234375,40.52,8.5,11.34,0.0,18.36,9.87,2.87,100,12.49,37.56,71.15,0,0.0,0,1,-6.59,False,836.15,-2.32,Bearish,False,None,1353.0,58.06,1,71.05,0.11,28.77,798.46,34,30.0,Avoid,2026-02-16 10:06:33.927980,2026-02-16
FCL.NS,23.690000534057617,1983166,Basic Materials,Specialty Chemicals,2749.09,24.847278337478638,23.707799911499023,66.62,51.3,,0.0,21.99,16.6,0.0,100,27.55,33.81,69.83,0,0.0,0,2,0.5,False,11.11,-53.1,Bullish,True,None,28.0,18.19,1,67.86,1.98,1.02,21.65,980,,Avoid,2026-02-16 10:06:33.927980,2026-02-16
GAIL.NS,162.8699951171875,15381963,Utilities,Utilities - Regulated Gas,107088.31,172.84106269836425,162.46336151123046,63.12,-4.5,15.23,0.0,13.82,6.03,0.25,100,12.48,19.69,89.19,0,0.0,0,2,-0.94,False,198.4,21.81,Bullish,True,Buy,196.0,20.34,30,62.44,26.75,3.34,156.19,299,60.4,Hold,2026-02-16 10:06:33.927980,2026-02-16
GANESHHOU.NS,693.6500244140625,59022,Real Estate,Real Estate - Development,5784.15,805.5666667796947,768.2619995117187,38.32,-64.5,37.28,0.0,19.19,62.87,3.48,100,13.77,22.9,84.12,0,0.0,0,1,0.0,True,548.7,-20.9,Bearish,False,None,0.0,0.0,0,83.56,0.55,25.99,641.67,38,43.6,Avoid,2026-02-16 10:06:33.927980,2026-02-16
GARUDA.NS,195.97999572753906,1977031,Industrials,Engineering & Construction,1823.43,174.04439979553223,186.57479949951173,71.6,125.0,43.09,0.0,34.99,22.9,0.02,100,21.21,21.39,77.54,0,0.0,0,2,3.24,True,93.04,-52.53,Bullish,True,None,0.0,0.0,0,76.95,0.59,11.08,173.83,90,72.5,Buy,2026-02-16 10:06:33.927980,2026-02-16
GESHIP.NS,1331.5999755859375,553455,Industrials,Marine Shipping,19010.88,1023.5089224243164,1144.0514111328125,84.74,17.6,15.04,0.0,17.6,44.16,8.24,100,8.42,2.72,60.04,0,0.0,0,1,10.62,True,1947.51,46.25,Bullish,True,None,1552.0,16.55,2,30.07,29.96,42.51,1246.58,23,56.3,Hold,2026-02-16 10:06:33.927980,2026-02-16
GICRE.NS,388.70001220703125,632962,Financial Services,Insurance - Reinsurance,68193.53,379.0075361633301,375.10400024414065,64.13,11.6,-0.51,10.14,11.52,18.32,0.0,100,7.08,14.35,94.68,0,0.0,0,3,0.93,False,837.08,115.35,Bullish,True,Buy,476.0,22.46,5,82.4,12.28,10.03,368.65,99,57.5,Hold,2026-02-16 10:06:33.927980,2026-02-16
GOKULAGRO.NS,165.24000549316406,356819,Consumer Defensive,Packaged Foods,4876.01,165.9831247329712,173.78359985351562,60.28,26.6,,0.0,21.86,1.28,0.48,100,16.3,25.4,81.68,0,0.0,0,1,2.67,False,96.84,-41.39,Bullish,True,None,0.0,0.0,0,79.23,2.45,7.16,150.92,139,,Avoid,2026-02-16 10:06:33.927980,2026-02-16
GRASIM.NS,2892.10009765625,701493,Basic Materials,Building Materials,196201.89,2774.226702880859,2820.8460009765627,54.66,27.4,,0.0,7.2,2.67,1.27,100,43.35,2.92,73.35,0,0.0,0,1,1.25,False,1484.74,-48.66,Bullish,True,Buy,3403.4167,17.68,12,47.85,25.5,57.44,2777.22,17,,Avoid,2026-02-16 10:06:33.927980,2026-02-16
GRAVITA.NS,1645.199951171875,168732,Industrials,Metal Fabrication,11983.13,1745.8676763916017,1718.116005859375,73.67,2.1,20.28,0.0,28.46,9.25,0.2,100,31.19,24.18,73.15,0,0.0,0,2,-2.13,True,606.84,-63.11,Bullish,True,None,2145.889,30.43,9,59.38,13.78,52.81,1539.59,18,62.2,Hold,2026-02-16 10:06:33.927980,2026-02-16
HEXT.NS,550.9500122070312,2791289,Technology,Information Technology Services,33571.92,746.2212539672852,713.6659985351563,20.36,10.3,,23.46,21.65,10.2,0.11,100,24.84,38.78,92.26,15799249920,1.27,0,5,-5.82,False,227.42,-58.72,Bearish,False,Buy,724.0,31.41,15,75.24,17.02,35.5,479.94,28,,Avoid,2026-02-16 10:06:33.927980,2026-02-16
HINDPETRO.NS,447.1499938964844,5533501,Energy,Oil & Gas Refining & Marketing,95145.58,426.3892504882813,456.9130017089844,67.51,4.1,7.41,0.0,10.82,3.55,1.11,100,6.18,12.06,81.54,0,0.0,0,1,3.96,False,659.95,47.59,Bullish,True,Buy,522.4194,16.83,31,54.99,26.55,11.65,423.85,85,42.8,Avoid,2026-02-16 10:06:33.927980,2026-02-16
IIFL.NS,507.20001220703125,1808412,Financial Services,Credit Services,21567.56,497.1326521301269,573.7657196044922,46.46,65.9,12.74,0.0,13.67,19.42,4.01,100,17.01,24.86,72.19,0,0.0,0,1,4.27,True,452.63,-10.76,Bearish,False,Strong Buy,707.5,39.49,4,47.17,25.01,20.52,466.16,48,55.2,Hold,2026-02-16 10:06:33.927980,2026-02-16
INNOVANA.NS,415.0,18780,Technology,Software - Application,857.39,459.2272505187988,398.4509991455078,65.15,32.7,,0.0,23.72,36.3,0.19,100,17.35,36.1,78.58,0,0.0,0,2,-6.09,False,232.25,-44.04,Bullish,True,None,0.0,0.0,0,78.58,0.0,36.85,341.3,27,,Avoid,2026-02-16 10:06:33.927980,2026-02-16
IOC.NS,174.2100067138672,21972784,Energy,Oil & Gas Refining & Marketing,246006.1,148.63557266235352,163.92087005615235,74.98,5.7,8.79,0.0,13.96,4.64,0.73,100,6.71,4.41,87.63,0,0.0,0,1,7.65,True,289.27,66.05,Bullish,True,Buy,185.54839,6.51,31,73.39,14.23,4.29,165.63,233,60.3,Hold,2026-02-16 10:06:33.927980,2026-02-16
IRCTC.NS,611.0,1400515,Consumer Cyclical,Travel Services,48880.0,710.8500198364258,648.5299963378907,51.69,18.4,,0.0,36.54,28.37,1.84,100,34.23,25.51,79.87,0,0.0,0,1,-4.08,True,146.34,-76.05,Bullish,True,Hold,783.75,28.27,8,62.4,17.47,14.38,582.24,69,,Avoid,2026-02-16 10:06:33.927980,2026-02-16
J&KBANK.NS,101.52999877929688,1828773,Financial Services,Banks - Regional,11180.31,103.43766208648681,102.12039993286133,43.83,1.9,,14.64,11.81,30.6,0.0,100,5.19,13.41,72.34,0,0.0,0,2,-0.1,True,248.87,145.12,Bearish,False,None,131.0,29.03,1,63.49,8.86,2.45,96.62,407,,Avoid,2026-02-16 10:06:33.927980,2026-02-16
JARO.NS,468.1499938964844,150858,Consumer Defensive,Education & Training Services,1037.25,574.3138245927527,496.0849975585937,36.11,38.6,43.93,0.0,32.63,18.08,0.13,100,20.83,47.4,68.61,0,0.0,0,2,0.0,False,299.9,-35.94,Bearish,False,None,0.0,0.0,0,62.96,5.65,21.47,425.21,46,52.3,Hold,2026-02-16 10:06:33.927980,2026-02-16
JINDALSAW.NS,186.8800048828125,2714122,Basic Materials,Steel,11911.6,198.00524406433107,172.4510009765625,59.61,-6.2,16.44,0.0,11.39,6.15,0.44,100,10.59,34.75,72.96,0,0.0,0,1,-1.64,False,274.2,46.73,Bullish,True,None,262.5,40.46,2,63.96,9.0,6.66,173.56,150,44.7,Avoid,2026-02-16 10:06:33.927980,2026-02-16
JPPOWER.NS,14.8100004196167,35106859,Utilities,Utilities - Independent Power Producers,10155.88,17.881750025749206,16.61620008468628,49.74,1.4,,0.0,4.28,11.23,0.28,100,22.44,46.53,47.93,0,0.0,0,2,-5.5,False,12.07,-18.5,Neutral,True,None,0.0,0.0,0,31.5,16.43,0.58,13.65,1721,,Avoid,2026-02-16 10:06:33.927980,2026-02-16
JSL.NS,761.75,388222,Basic Materials,Steel,62746.79,737.5874011230469,795.9766918945312,32.61,6.2,6.57,0.0,20.74,7.03,0.38,100,21.34,13.83,80.0,0,0.0,0,2,1.3,False,419.9,-44.88,Bearish,False,None,876.0,15.0,12,63.88,16.12,24.67,712.41,40,41.5,Avoid,2026-02-16 10:06:33.927980,2026-02-16
JSWENERGY.NS,481.1499938964844,1564811,Utilities,Utilities - Independent Power Producers,84496.03,506.64760528564454,478.975,76.58,67.4,12.8,0.0,8.31,12.94,2.19,100,36.98,16.9,85.5,0,0.0,0,1,-2.47,False,221.08,-54.05,Bullish,True,Buy,568.75,18.21,16,67.13,18.37,12.23,456.69,81,31.0,Avoid,2026-02-16 10:06:33.927980,2026-02-16
JYOTIRES.BO,875.5,29854,Basic Materials,Specialty Chemicals,1050.6,1239.2459072875977,1090.2140026855468,24.04,1.7,,0.0,37.01,23.2,0.0,100,14.95,44.24,62.83,0,0.0,0,2,-8.56,False,521.47,-40.44,Bearish,False,None,1764.0,101.48,1,62.83,0.0,45.45,784.6,22,,Avoid,2026-02-16 10:06:33.927980,2026-02-16
KPRMILL.NS,914.1500244140625,1458219,Consumer Cyclical,Textile Manufacturing,31311.7,1044.7154165649415,915.9044592285156,52.05,-4.0,,0.0,20.79,12.72,6.46,100,37.07,34.19,85.95,0,0.0,0,1,-0.94,False,294.65,-67.77,Bullish,True,Buy,1098.0,20.11,11,67.54,18.42,53.98,806.2,18,,Avoid,2026-02-16 10:06:33.927980,2026-02-16
LICHSGFIN.NS,508.6499938964844,2219396,Financial Services,Mortgage Finance,27978.95,565.8660961914062,526.4450012207031,49.28,-2.3,,0.0,12.49,65.18,6.79,100,5.1,21.32,78.6,0,0.0,0,1,-2.47,True,1253.32,146.4,Neutral,True,Hold,600.6539,18.09,26,2.35,76.25,11.06,486.54,90,,Avoid,2026-02-16 10:06:33.927980,2026-02-16
LLOYDSME.NS,1181.5999755859375,927867,Basic Materials,Steel,64331.11,1339.0064770507813,1252.8739965820312,60.58,201.9,,0.0,17.05,20.05,1.0,100,26.9,26.7,82.1,0,0.0,0,1,-4.22,True,383.28,-67.56,Bullish,True,Strong Buy,1724.0,45.9,5,79.28,2.83,43.37,1094.86,23,,Avoid,2026-02-16 10:06:33.927980,2026-02-16
MAMATA.NS,424.5,136706,Industrials,Specialty Industrial Machinery,1044.6,428.04240493774415,413.1640020751953,68.86,-8.5,,0.0,22.32,15.6,4.11,100,24.77,21.53,65.31,0,0.0,0,1,1.24,True,166.35,-60.81,Bullish,True,None,0.0,0.0,0,65.31,0.0,15.4,393.7,64,,Avoid,2026-02-16 10:06:33.927980,2026-02-16
MANKIND.NS,2080.89990234375,381173,Healthcare,Drug Manufacturers - Specialty & Generic,85900.6,2374.36263671875,2154.0139990234375,48.4,10.4,16.19,0.0,18.71,12.79,0.54,100,48.33,23.4,93.46,0,0.0,0,1,-4.31,False,598.94,-71.22,Neutral,True,Buy,2536.5264,21.9,19,75.27,18.19,45.73,1989.45,21,41.6,Avoid,2026-02-16 10:06:33.927980,2026-02-16
MASTERTR.NS,84.80999755859375,141610,Financial Services,Capital Markets,1043.3,135.74464988708496,108.10960037231445,30.54,-8.1,,0.0,19.61,24.77,0.22,100,8.39,51.37,84.48,0,0.0,0,2,-13.07,True,121.42,43.17,Bearish,False,None,0.0,0.0,0,84.48,0.0,4.68,75.44,213,,Avoid,2026-02-16 10:06:33.927980,2026-02-16
MAZDOCK.NS,2343.89990234375,1007310,Industrials,Aerospace & Defense,94548.24,2818.7689233398437,2446.494697265625,51.23,14.6,25.11,0.0,25.19,19.52,0.02,100,39.26,37.91,86.99,0,0.0,0,2,-3.63,True,544.71,-76.76,Neutral,False,Hold,2975.0,26.93,6,81.22,5.77,73.05,2197.79,13,57.1,Hold,2026-02-16 10:06:33.927980,2026-02-16
MCLOUD.NS,28.270000457763672,4076740,Technology,Information Technology Services,1668.5,60.98956053733826,25.476400032043458,87.26,8.3,,0.0,27.04,16.51,0.47,100,15.53,73.18,70.86,0,0.0,0,1,-16.91,True,20.13,-28.79,Bullish,True,None,0.0,0.0,0,70.77,0.09,1.29,25.7,777,,Avoid,2026-02-16 10:06:33.927980,2026-02-16
MGL.NS,1102.199951171875,319896,Utilities,Utilities - Regulated Gas,10887.29,1259.306603088379,1093.8861291503906,66.33,11.5,26.9,0.0,19.61,11.68,3.54,100,11.43,30.54,72.81,0,0.0,0,1,-4.14,False,1167.83,5.95,Bullish,True,Buy,1381.3103,25.32,29,43.64,29.17,36.46,1029.29,27,51.5,Hold,2026-02-16 10:06:33.927980,2026-02-16
MONARCH.NS,293.1499938964844,60158,Financial Services,Capital Markets,2323.75,318.7046369934082,299.3059985351563,62.36,22.9,,0.0,26.47,48.51,1.26,100,14.62,26.49,77.98,0,0.0,0,1,-3.15,True,223.7,-23.69,Bullish,True,None,0.0,0.0,0,76.79,1.19,10.34,272.47,96,,Avoid,2026-02-16 10:06:33.927980,2026-02-16
MPSLTD.NS,1498.800048828125,54996,Communication Services,Publishing,2542.85,2233.946937255859,1890.1159985351562,28.92,-2.1,,0.0,26.57,23.25,2.06,100,14.7,51.32,73.86,0,0.0,0,1,-8.82,False,814.1,-45.68,Bearish,False,Strong Buy,2800.0,86.82,1,73.46,0.4,89.4,1320.0,11,,Avoid,2026-02-16 10:06:33.927980,2026-02-16
NATCOPHARM.NS,911.75,591793,Healthcare,Drug Manufacturers - Specialty & Generic,16339.38,875.9450390625,876.9199987792969,69.79,36.3,,0.0,16.79,34.13,3.01,100,10.49,13.9,63.48,0,0.0,0,1,1.28,False,971.79,6.59,Bullish,True,Hold,991.63635,8.76,11,51.2,12.28,34.35,843.05,29,,Avoid,2026-02-16 10:06:33.927980,2026-02-16
NAVA.NS,551.1500244140625,285481,Industrials,Conglomerates,15597.62,576.766364440918,563.0680029296875,55.89,17.6,6.15,0.0,13.46,21.46,0.16,100,17.53,25.01,59.82,0,0.0,0,2,-1.28,True,449.75,-18.4,Neutral,False,None,0.0,0.0,0,54.37,5.45,17.35,516.46,57,30.8,Avoid,2026-02-16 10:06:33.927980,2026-02-16
NEETUYOSHI.BO,91.54000091552734,26560,Industrials,Railroads,355.29,116.26285716465541,99.5847999572754,67.75,25.4,25.4,0.0,24.62,25.14,0.11,100,28.34,38.44,70.03,0,-2.4,0,2,-6.65,False,52.17,-43.01,Bullish,True,None,0.0,0.0,0,70.03,0.0,4.53,82.49,220,52.5,Hold,2026-02-16 10:06:33.927980,2026-02-16
NEWGEN.NS,468.0,946180,Technology,Software - Infrastructure,6588.88,926.8794004821777,727.5480072021485,18.78,5.0,24.05,0.0,19.9,19.5,3.25,100,22.18,66.02,74.67,0,0.0,0,1,-12.84,True,179.16,-61.72,Bearish,False,None,845.0,80.56,6,63.46,11.22,26.27,415.45,38,46.0,Avoid,2026-02-16 10:06:33.927980,2026-02-16
NLCINDIA.NS,255.85000610351562,1556416,Utilities,Utilities - Regulated Electric,35477.1,242.72044471740722,250.42834838867188,58.88,0.7,8.56,0.0,10.53,16.03,1.05,100,13.32,12.44,89.98,0,0.0,0,1,2.68,False,260.49,1.81,Neutral,False,Strong Buy,324.0,26.64,1,75.25,14.73,9.26,237.33,107,39.3,Avoid,2026-02-16 10:06:33.927980,2026-02-16
NMDC.NS,79.55000305175781,36217561,Basic Materials,Steel,69912.53,72.00342386245728,78.61543685913085,57.54,15.9,,0.0,30.21,24.88,0.11,100,10.13,8.27,72.83,0,0.0,0,2,4.93,False,80.75,1.51,Neutral,False,Hold,81.41176,2.34,17,60.79,12.03,2.38,74.79,420,,Avoid,2026-02-16 10:06:33.927980,2026-02-16
NUVOCO.NS,335.8500061035156,305586,Basic Materials,Building Materials,12003.78,383.64175079345705,350.92000061035156,43.29,12.1,3.93,0.0,0.61,3.47,0.63,100,31.24,29.66,92.32,0,0.0,0,1,-7.0,False,249.35,-25.76,Bearish,False,Buy,434.35294,29.33,17,72.02,20.3,10.89,314.06,91,28.4,Avoid,2026-02-16 10:06:33.927980,2026-02-16
ONGC.NS,271.75,17431387,Energy,Oil & Gas Integrated,341931.98,239.53966888427735,247.13440063476563,63.25,0.8,7.56,0.0,13.86,5.8,0.44,100,8.99,3.05,91.87,0,0.0,0,1,4.93,False,446.18,64.19,Bullish,True,Buy,280.7742,3.32,31,69.21,22.66,8.1,255.56,123,60.5,Hold,2026-02-16 10:06:33.927980,2026-02-16
OSWALPUMPS.NS,333.3500061035156,1129632,Industrials,Electrical Equipment & Parts,3799.44,647.0512272185343,462.2979992675781,26.44,31.9,31.9,0.0,45.5,18.11,8.28,100,38.94,62.48,85.49,0,0.0,0,1,-15.42,False,157.88,-52.64,Bearish,False,Strong Buy,585.5,75.64,2,77.23,8.26,19.89,293.57,50,49.5,Avoid,2026-02-16 10:06:33.927980,2026-02-16
PACEDIGITK.NS,179.4199981689453,1038173,Technology,Communication Equipment,3872.8,199.7688046330991,185.9527993774414,59.84,13.5,82.17,0.0,17.91,11.48,0.11,100,15.15,22.65,78.05,0,0.0,0,2,0.0,True,138.68,-22.71,Bullish,True,Strong Buy,263.0,46.58,1,74.36,3.68,8.1,163.22,123,67.7,Buy,2026-02-16 10:06:33.927980,2026-02-16
PANAMAPET.NS,286.70001220703125,49887,Energy,Oil & Gas Refining & Marketing,1737.43,316.6311744689941,290.5379998779297,50.23,6.5,9.41,0.0,21.76,6.32,2.33,100,9.37,29.02,80.43,0,0.0,0,1,-3.62,False,390.52,36.21,Neutral,False,None,0.0,0.0,0,78.43,2.0,9.4,267.91,106,32.7,Avoid,2026-02-16 10:06:33.927980,2026-02-16
PFC.NS,407.29998779296875,12477160,Financial Services,Credit Services,134413.13,389.6771258544922,369.6559991455078,72.15,11.5,11.29,0.0,19.37,50.51,0.0,100,5.33,8.29,78.0,0,0.0,0,2,-0.09,True,783.23,92.3,Bullish,True,Strong Buy,495.14285,21.57,14,55.99,22.01,12.88,381.54,77,79.3,Buy,2026-02-16 10:06:33.927980,2026-02-16
PNB.NS,118.2300033569336,13689087,Financial Services,Banks - Regional,135903.06,112.81110088348389,122.50580001831055,34.35,-2.3,13.24,12.71,7.34,34.67,0.0,100,7.63,12.52,88.09,0,0.0,0,2,3.06,True,212.51,79.74,Bearish,False,Hold,131.76471,11.45,17,70.08,18.01,2.74,112.76,365,58.6,Hold,2026-02-16 10:06:33.927980,2026-02-16
PTCIL.NS,17774.0,14853,Industrials,Metal Fabrication,26647.76,15938.885,18046.56,54.58,72.2,,4.5,6.74,15.13,0.13,100,420.39,8.32,75.29,-4354186240,-0.93,0,3,6.88,True,938.27,-94.72,Bullish,True,None,22818.334,28.38,3,67.21,8.08,595.32,16583.36,1,,Avoid,2026-02-16 10:06:33.927980,2026-02-16
RBLBANK.NS,312.45001220703125,3538986,Financial Services,Banks - Regional,19298.54,273.5060041809082,305.812001953125,70.17,40.8,,0.0,4.64,9.08,0.0,100,26.48,5.89,58.84,0,0.0,0,1,6.67,False,264.67,-15.29,Bullish,True,None,342.55557,9.64,18,7.13,51.72,7.65,297.15,130,,Avoid,2026-02-16 10:06:33.927980,2026-02-16
RECLTD.NS,348.75,12396979,Financial Services,Credit Services,91846.56,368.7566363525391,356.14569091796875,43.14,2.3,,21.47,19.86,72.19,6.66,100,5.34,22.5,74.33,0,0.0,0,1,-1.72,False,682.88,95.81,Bearish,False,Strong Buy,464.23077,33.11,13,52.65,21.68,9.95,328.84,100,,Avoid,2026-02-16 10:06:33.927980,2026-02-16
REDINGTON.NS,258.6000061035156,1494713,Technology,Information Technology Services,20216.69,272.7992388153076,270.6329983520508,55.77,15.7,,0.0,19.19,1.57,0.28,100,11.46,22.76,63.81,0,0.0,0,2,2.47,True,241.93,-6.45,Neutral,False,Buy,313.75,21.33,4,26.0,37.81,8.57,241.46,116,,Avoid,2026-02-16 10:06:33.927980,2026-02-16
SAIL.NS,158.2100067138672,24069499,Basic Materials,Steel,65349.04,133.16591800689696,145.26519973754884,54.17,11.8,-0.32,0.0,8.99,2.55,0.58,100,25.52,2.94,83.91,0,0.0,0,1,9.0,False,140.04,-11.48,Neutral,False,Hold,140.51852,-11.18,27,65.1,18.81,4.91,148.39,203,30.5,Avoid,2026-02-16 10:06:33.927980,2026-02-16
SANDUMA.NS,204.41000366210938,1822521,Basic Materials,Steel,9938.92,186.00212127685546,222.5060009765625,46.31,27.0,,0.0,20.95,11.79,0.64,100,17.22,25.12,76.53,0,0.0,0,1,9.03,True,126.27,-38.23,Bearish,False,None,0.0,0.0,0,75.92,0.61,8.56,187.29,116,,Avoid,2026-02-16 10:06:33.927980,2026-02-16
SARDAEN.NS,496.29998779296875,503966,Basic Materials,Steel,17488.68,502.45089401245116,499.6539990234375,59.85,-3.3,,0.0,17.25,18.54,0.38,100,16.57,22.42,78.42,0,0.0,0,2,-2.78,False,365.82,-26.29,Bullish,True,None,0.0,0.0,0,74.87,3.54,17.68,460.93,56,,Avoid,2026-02-16 10:06:33.927980,2026-02-16
SCI.NS,266.7699890136719,17042481,Industrials,Marine Shipping,12426.12,216.93677642822266,225.1557989501953,77.5,22.5,,0.0,11.54,20.27,0.33,100,10.96,4.89,68.81,0,0.0,0,2,9.25,True,316.6,18.68,Bullish,True,None,0.0,0.0,0,63.8,5.01,11.9,242.97,84,,Avoid,2026-02-16 10:06:33.927980,2026-02-16
SHAKTIPUMP.NS,583.9500122070312,811497,Industrials,Specialty Industrial Machinery,7211.79,804.0058837890625,673.9710009765626,43.13,-14.4,,0.0,19.05,13.13,0.38,100,21.56,44.33,65.0,0,0.0,0,2,-8.82,True,242.6,-58.46,Neutral,True,None,0.0,0.0,0,54.66,10.34,36.55,510.84,27,,Avoid,2026-02-16 10:06:33.927980,2026-02-16
SHARDAMOTR.NS,931.7000122070312,48491,Consumer Cyclical,Auto Parts,5348.68,985.6269366455078,916.4279968261719,71.08,27.8,,0.0,28.24,10.71,4.41,100,15.85,25.34,79.73,0,0.0,0,1,-2.47,True,513.22,-44.92,Bullish,True,None,0.0,0.0,0,67.54,12.2,36.54,858.62,27,,Avoid,2026-02-16 10:06:33.927980,2026-02-16
SHILCTECH.NS,3886.5,76198,Industrials,Electrical Equipment & Parts,4446.23,3754.4847225900426,3701.503984375,69.31,10.7,,0.0,34.82,25.12,0.0,100,24.04,10.66,73.33,0,0.0,0,2,0.0,False,1155.41,-70.27,Bullish,True,None,0.0,0.0,0,72.03,1.3,215.4,3455.69,4,,Avoid,2026-02-16 10:06:33.927980,2026-02-16
SOUTHBANK.NS,40.36000061035156,20871062,Financial Services,Banks - Regional,10568.28,33.59020129203796,40.75639984130859,33.1,2.9,17.35,13.62,9.35,27.93,0.0,100,7.6,13.83,28.01,0,0.0,0,1,10.27,True,70.91,75.69,Bearish,False,None,44.2,9.51,5,4.32,23.7,1.44,37.48,694,58.3,Hold,2026-02-16 10:06:33.927980,2026-02-16
SPORTKING.NS,109.4000015258789,381136,Consumer Cyclical,Textile Manufacturing,1391.44,104.14858737945556,90.93380020141602,77.65,5.9,,0.0,21.66,4.76,0.48,100,11.78,21.86,79.05,0,0.0,0,1,-0.56,True,131.68,20.37,Bullish,True,None,0.0,0.0,0,79.05,0.0,6.66,96.09,150,,Avoid,2026-02-16 10:06:33.927980,2026-02-16
SRM.NS,452.8999938964844,186021,Industrials,Engineering & Construction,1039.34,491.141248626709,489.98999877929685,52.64,54.0,,0.0,27.49,10.06,0.2,100,14.3,30.32,75.54,0,0.0,0,2,-0.87,True,292.53,-35.41,Bullish,True,None,0.0,0.0,0,75.54,0.0,31.44,390.02,31,,Avoid,2026-02-16 10:06:33.927980,2026-02-16
STYL.NS,257.1199951171875,146442,Technology,Software - Infrastructure,4160.35,315.91452652780634,271.4016000366211,63.57,10.1,29.57,0.0,32.92,15.76,0.26,100,18.8,41.22,91.56,0,0.0,0,2,0.0,True,162.31,-36.87,Bullish,True,None,0.0,0.0,0,85.87,5.68,10.83,235.47,92,61.4,Hold,2026-02-16 10:06:33.927980,2026-02-16
STYLAMIND.NS,2214.39990234375,35105,Consumer Cyclical,"Furnishings, Fixtures & Appliances",3752.98,1888.454503173828,2199.0300146484374,60.02,6.5,,0.0,21.26,12.7,0.0,100,26.55,8.87,65.33,0,0.0,0,2,9.07,False,897.61,-59.46,Bullish,True,Buy,2542.0,14.79,5,54.11,11.23,37.56,2139.27,26,,Avoid,2026-02-16 10:06:33.927980,2026-02-16
TATACHEM.NS,691.8499755859375,466610,Basic Materials,Chemicals,17625.31,865.3421838378906,742.3970031738281,42.27,-1.1,5.68,0.0,5.23,1.23,0.32,100,109.3,32.61,65.93,0,0.0,0,2,-7.04,False,353.38,-48.92,Bearish,False,Hold,803.2222,16.1,9,38.72,27.21,16.97,657.91,58,19.8,Avoid,2026-02-16 10:06:33.927980,2026-02-16
TATAINVEST.NS,631.7000122070312,515034,Financial Services,Capital Markets,31961.05,710.0326467895508,671.4020007324219,57.26,1500.0,14.6,0.0,1.17,107.85,0.0,100,78.28,46.68,75.68,0,0.0,0,2,-2.21,False,337.86,-46.52,Bullish,True,None,0.0,0.0,0,73.82,1.86,22.36,586.97,44,27.3,Avoid,2026-02-16 10:06:33.927980,2026-02-16
TECHLABS.NS,179.10000610351562,0,Unknown,Unknown,1225.23,442.8906954956055,283.1770001220703,32.23,0.0,,0.0,17.12,0.0,0.0,100,106.46,82.6,0.0,0,0.0,0,1,-16.61,False,0.0,0.0,Bearish,False,None,0.0,0.0,0,0.0,0.0,14.97,149.17,66,,Avoid,2026-02-16 10:06:33.927980,2026-02-16
TINNARUBR.NS,738.9000244140625,62001,Basic Materials,Specialty Chemicals,1331.18,872.3992517089844,740.1779992675781,64.86,13.4,,0.0,25.8,9.27,0.38,100,27.14,32.14,75.61,0,0.0,0,2,-2.99,True,311.84,-57.8,Bullish,True,None,0.0,0.0,0,70.07,5.54,37.87,663.15,26,,Avoid,2026-02-16 10:06:33.927980,2026-02-16
TMB.NS,663.5,583437,Financial Services,Banks - Regional,10506.62,475.37661224365235,560.5110028076172,69.22,11.2,6.24,13.8,14.23,39.5,0.0,100,8.36,6.35,32.29,0,0.0,0,1,14.77,True,1049.65,58.2,Bullish,True,None,0.0,0.0,0,29.46,2.83,28.63,606.25,34,54.5,Hold,2026-02-16 10:06:33.927980,2026-02-16
UCOBANK.NS,28.110000610351562,6201852,Financial Services,Banks - Regional,35272.64,30.362526960372925,28.980800056457518,45.61,0.5,6.03,8.57,6.31,21.96,0.0,100,13.65,29.53,93.48,0,0.0,0,2,0.04,False,35.03,24.62,Bearish,False,None,0.0,0.0,0,90.95,2.53,0.58,26.95,1718,32.3,Avoid,2026-02-16 10:06:33.927980,2026-02-16
UNIONBANK.NS,177.50999450683594,11495112,Financial Services,Banks - Regional,135539.38,145.81102237701415,165.41299896240236,53.29,15.8,12.59,15.56,12.05,34.97,0.0,100,7.15,3.18,88.42,0,0.0,0,2,8.61,True,309.56,74.39,Neutral,False,None,194.73334,9.7,15,74.76,13.67,4.74,168.03,210,61.4,Hold,2026-02-16 10:06:33.927980,2026-02-16
UPL.NS,729.5499877929688,2908125,Basic Materials,Agricultural Inputs,61667.7,703.31861328125,754.9560009765624,54.82,12.5,0.21,0.0,6.28,3.58,0.8,100,34.86,10.18,68.42,0,0.0,0,1,1.82,True,428.17,-41.31,Bullish,True,Buy,823.7647,12.91,17,33.6,34.82,21.16,687.24,47,39.4,Avoid,2026-02-16 10:06:33.927980,2026-02-16
VADILALIND.NS,5130.89990234375,37073,Consumer Defensive,Packaged Foods,3688.0,5303.190952148438,4802.646025390625,77.06,16.7,21.09,0.0,21.95,8.93,0.26,100,30.16,30.65,69.12,0,0.0,0,2,1.03,False,2044.72,-60.15,Bullish,True,None,0.0,0.0,0,67.71,1.41,224.52,4681.86,4,51.0,Hold,2026-02-16 10:06:33.927980,2026-02-16
VTL.NS,507.0,1259765,Consumer Cyclical,Textile Manufacturing,14664.33,446.45810287475587,443.5029998779297,71.98,1.6,,0.0,11.31,8.08,0.14,100,18.09,6.09,83.98,0,0.0,0,2,8.2,False,474.33,-6.44,Bullish,True,None,445.6,-12.11,5,64.91,19.07,25.71,455.58,38,,Avoid,2026-02-16 10:06:33.927980,2026-02-16
WAAREEENER.NS,3087.300048828125,1846778,Technology,Solar,88803.38,3076.9500146484374,2856.9280126953126,80.49,118.8,71.63,0.0,23.48,14.82,0.25,100,27.17,20.12,73.41,0,0.0,0,2,1.95,True,1011.04,-67.25,Bullish,True,Buy,3422.7273,10.86,11,68.38,5.03,94.34,2898.62,10,66.5,Buy,2026-02-16 10:06:33.927980,2026-02-16
WAAREERTL.NS,884.0,233470,Utilities,Utilities - Renewable,9224.17,1032.9052499389647,933.48,48.66,136.2,,0.0,50.78,15.4,0.12,100,22.11,34.9,76.35,0,0.0,0,2,-3.26,True,238.37,-73.04,Neutral,True,None,0.0,0.0,0,75.38,0.98,24.89,834.21,40,,Avoid,2026-02-16 10:06:33.927980,2026-02-16
